time_s,axial_error_mm,y_error_mm,z_error_mm,lateral_error_mm,position_error_mm,angle_error_deg,contacts,normal_force_n,penetration_mm,seating,locked
0.020000000000000014,-39.995598908265706,-2.0,1.0000000000000009,2.23606797749979,40.058057017669555,2.2360452719662205,0,0.0,0.0,False,False
0.04000000000000003,-39.969738818132036,-2.0,1.0000000000000009,2.23606797749979,40.03223727434793,2.2360452719662205,0,0.0,0.0,False,False
0.060000000000000046,-39.913856925293864,-2.0,1.0000000000000009,2.23606797749979,39.976442746357876,2.2360452719662205,0,0.0,0.0,False,False
0.08000000000000006,-39.82762920869659,-2.0,1.0000000000000009,2.23606797749979,39.89035031665455,2.2360452719662205,0,0.0,0.0,False,False
0.10000000000000007,-39.714464783185136,-2.0,1.0000000000000009,2.23606797749979,39.77736432966432,2.2360452719662205,0,0.0,0.0,False,False
0.12000000000000009,-39.579047801622465,-2.0,1.0000000000000009,2.23606797749979,39.642162212512034,2.2360452719662205,0,0.0,0.0,False,False
0.1400000000000001,-39.426085624849286,-2.0,1.0000000000000009,2.23606797749979,39.489444509868044,2.2360452719662205,0,0.0,0.0,False,False
0.16000000000000011,-39.259744644061065,-2.0,1.0000000000000009,2.23606797749979,39.323371543102475,2.2360452719662205,0,0.0,0.0,False,False
0.18000000000000013,-39.08346060548029,-2.0,1.0000000000000009,2.23606797749979,39.14737402304438,2.2360452719662205,0,0.0,0.0,False,False
0.20000000000000015,-38.89993912022871,-2.0,1.0000000000000009,2.23606797749979,38.96415357168047,2.2360452719662205,0,0.0,0.0,False,False
0.22000000000000017,-38.71124141458942,-2.0,1.0000000000000009,2.23606797749979,38.77576835935844,2.2360452719662205,0,0.0,0.0,False,False
0.24000000000000019,-38.51889826746957,-2.0,1.0000000000000009,2.23606797749979,38.58374688569878,2.2360452719662205,0,0.0,0.0,False,False
0.2600000000000002,-38.32402324449896,-2.0,1.0000000000000009,2.23606797749979,38.38920105504798,2.2360452719662205,0,0.0,0.0,False,False
0.2800000000000002,-38.127412353419544,-2.0,1.0000000000000009,2.23606797749979,38.19292569007629,2.2360452719662205,0,0.0,0.0,False,False
0.3000000000000002,-37.929625936528986,-2.0,1.0000000000000009,2.23606797749979,37.99548030601814,2.2360452719662205,0,0.0,0.0,False,False
0.32000000000000023,-37.731053004088025,-2.0,1.0000000000000009,2.23606797749979,37.79725334991023,2.2360452719662205,0,0.0,0.0,False,False
0.34000000000000025,-37.531960156869495,-2.0,1.0000000000000009,2.23606797749979,37.59851105053016,2.2360452719662205,0,0.0,0.0,False,False
0.36000000000000026,-37.33252786641389,-2.0,1.0000000000000009,2.23606797749979,37.39943364406164,2.2360452719662205,0,0.0,0.0,False,False
0.3800000000000003,-37.132876835532066,-2.0,1.0000000000000009,2.23606797749979,37.200141694391355,2.2360452719662205,0,0.0,0.0,False,False
0.4000000000000003,-36.93308682205482,-2.0,1.0000000000000009,2.23606797749979,37.000714887761816,2.2360452719662205,0,0.0,0.0,False,False
0.4200000000000003,-36.73320987742162,-2.0,1.0000000000000009,2.23606797749979,36.80120525062604,2.2360452719662205,0,0.0,0.0,False,False
0.44000000000000034,-36.53327952961038,-2.0,1.0000000000000009,2.23606797749979,36.60164631800937,2.2360452719662205,0,0.0,0.0,False,False
0.46000000000000035,-36.33331707145715,-2.0,1.0000000000000009,2.23606797749979,36.402059411728885,2.2360452719662205,0,0.0,0.0,False,False
0.48000000000000037,-36.13333581414951,-2.0,1.0000000000000009,2.23606797749979,36.20245788697364,2.2360452719662205,0,0.0,0.0,False,False
0.5000000000000003,-35.93334392986547,-2.0,1.0000000000000009,2.23606797749979,36.00284997027318,2.2360452719662205,0,0.0,0.0,False,False
0.5199999999999981,-35.73334632866471,-2.0,1.0000000000000009,2.23606797749979,35.80324063327642,2.2360452719662205,0,0.0,0.0,False,False
0.5399999999999959,-35.53334588239132,-2.0,1.0000000000000009,2.23606797749979,35.60363281461115,2.2360452719662205,0,0.0,0.0,False,False
0.5599999999999937,-35.3333442123448,-2.0,1.0000000000000009,2.23606797749979,35.40402820623721,2.2360452719662205,0,0.0,0.0,False,False
0.5799999999999915,-35.13334218903724,-2.0,1.0000000000000009,2.23606797749979,35.20442775237206,2.2360452719662205,0,0.0,0.0,False,False
0.5999999999999893,-34.93334024428074,-2.0,1.0000000000000009,2.23606797749979,35.0048319610691,2.2360452719662205,0,0.0,0.0,False,False
0.6199999999999871,-34.73333856254685,-2.0,1.0000000000000009,2.23606797749979,34.80524109527909,2.2360452719662205,0,0.0,0.0,False,False
0.6399999999999849,-34.53333719576479,-2.0,1.0000000000000009,2.23606797749979,34.605655287487224,2.2360452719662205,0,0.0,0.0,False,False
0.6599999999999827,-34.33333613033501,-2.0,1.0000000000000009,2.23606797749979,34.40607460665293,2.2360452719662205,0,0.0,0.0,False,False
0.6799999999999805,-34.13333532486007,-2.0,1.0000000000000009,2.23606797749979,34.2064990959224,2.2360452719662205,0,0.0,0.0,False,False
0.6999999999999783,-33.93333473032345,-2.0,1.0000000000000009,2.23606797749979,34.00692879282361,2.2360452719662205,0,0.0,0.0,False,False
0.7199999999999761,-33.733334300034,-2.0,1.0000000000000009,2.23606797749979,33.80736373924844,2.2360452719662205,0,0.0,0.0,False,False
0.7399999999999739,-33.53333399381142,-2.0,1.0000000000000009,2.23606797749979,33.60780398568922,2.2360452719662205,0,0.0,0.0,False,False
0.7599999999999717,-33.33333377910247,-2.0,1.0000000000000009,2.23606797749979,33.40824959241436,2.2360452719662205,0,0.0,0.0,False,False
0.7799999999999695,-33.133333630587295,-2.0,1.0000000000000009,2.23606797749979,33.20870062913945,2.2360452719662205,0,0.0,0.0,False,False
0.7999999999999673,-32.93333352915661,-2.0,1.0000000000000009,2.23606797749979,33.009157174073245,2.2360452719662205,0,0.0,0.0,False,False
0.8199999999999651,-32.73333346072449,-2.0,1.0000000000000009,2.23606797749979,32.80961931280193,2.2360452719662205,0,0.0,0.0,False,False
0.8399999999999629,-32.53333341510817,-2.0,1.0000000000000009,2.23606797749979,32.61008713724319,2.2360452719662205,0,0.0,0.0,False,False
0.8599999999999607,-32.333333385068165,-2.0,1.0000000000000009,2.23606797749979,32.41056074476286,2.2360452719662205,0,0.0,0.0,False,False
0.8799999999999585,-32.1333333655327,-2.0,1.0000000000000009,2.23606797749979,32.21104023747847,2.2360452719662205,0,0.0,0.0,False,False
0.8999999999999563,-31.93333335299686,-2.0,1.0000000000000009,2.23606797749979,32.01152572174,2.2360452719662205,0,0.0,0.0,False,False
0.9199999999999541,-31.733333345068726,-2.0,1.0000000000000009,2.23606797749979,31.812017307760453,2.2360452719662205,0,0.0,0.0,False,False
0.9399999999999519,-31.533333340136082,-2.0,1.0000000000000009,2.23606797749979,31.612515109369863,2.2360452719662205,0,0.0,0.0,False,False
0.9599999999999497,-31.333333337124735,-2.0,1.0000000000000009,2.23606797749979,31.413019243864035,2.2360452719662205,0,0.0,0.0,False,False
0.9799999999999475,-31.13333333532764,-2.0,1.0000000000000009,2.23606797749979,31.213529831927428,2.2360452719662205,0,0.0,0.0,False,False
0.9999999999999453,-30.93333333428555,-2.0,1.0000000000000009,2.23606797749979,31.01404699761096,2.2360452719662205,0,0.0,0.0,False,False
1.0199999999999432,-30.73333333370426,-2.0,1.0000000000000009,2.23606797749979,30.81457086835021,2.2360452719662205,0,0.0,0.0,False,False
1.039999999999941,-30.533333333397692,-2.0,1.0000000000000009,2.23606797749979,30.615101575013185,2.2360452719662205,0,0.0,0.0,False,False
1.0599999999999388,-30.3333333332505,-2.0,1.0000000000000009,2.23606797749979,30.415639251971772,2.2360452719662205,0,0.0,0.0,False,False
1.0799999999999366,-30.133333333191903,-2.0,1.0000000000000009,2.23606797749979,30.21618403718865,2.2360452719662205,0,0.0,0.0,False,False
1.0999999999999344,-29.933333333179768,-2.0,1.0000000000000009,2.23606797749979,30.016736072318906,2.2360452719662205,0,0.0,0.0,False,False
1.1199999999999322,-29.733333333190114,-2.0,1.0000000000000009,2.23606797749979,29.817295502821754,2.2360452719662205,0,0.0,0.0,False,False
1.13999999999993,-29.53333333320929,-2.0,1.0000000000000009,2.23606797749979,29.61786247807986,2.2360452719662205,0,0.0,0.0,False,False
1.1599999999999278,-29.333333333230183,-2.0,1.0000000000000009,2.23606797749979,29.41843715152783,2.2360452719662205,0,0.0,0.0,False,False
1.1799999999999256,-29.13333333324941,-2.0,1.0000000000000009,2.23606797749979,29.219019680787053,2.2360452719662205,0,0.0,0.0,False,False
1.1999999999999234,-28.933333333265367,-2.0,1.0000000000000009,2.23606797749979,29.01961022780707,2.2360452719662205,0,0.0,0.0,False,False
1.2199999999999211,-28.73333333327832,-2.0,1.0000000000000009,2.23606797749979,28.820208959014906,2.2360452719662205,0,0.0,0.0,False,False
1.239999999999919,-28.53333333328839,-2.0,1.0000000000000009,2.23606797749979,28.620816045468487,2.2360452719662205,0,0.0,0.0,False,False
1.2599999999999167,-28.33333333329585,-2.0,1.0000000000000009,2.23606797749979,28.42143166301891,2.2360452719662205,0,0.0,0.0,False,False
1.2799999999999145,-28.133333333301202,-2.0,1.0000000000000009,2.23606797749979,28.222055992479294,2.2360452719662205,0,0.0,0.0,False,False
1.2999999999999123,-27.933333333304887,-2.0,1.0000000000000009,2.23606797749979,28.02268921980048,2.2360452719662205,0,0.0,0.0,False,False
1.3199999999999101,-27.733333333308018,-2.0,1.0000000000000009,2.23606797749979,27.82333153625521,2.2360452719662205,0,0.0,0.0,False,False
1.339999999999908,-27.533333333309763,-2.0,1.0000000000000009,2.23606797749979,27.623983138626958,2.2360452719662205,0,0.0,0.0,False,False
1.3599999999999057,-27.333333333310673,-2.0,1.0000000000000009,2.23606797749979,27.424644229412937,2.2360452719662205,0,0.0,0.0,False,False
1.3799999999999035,-27.133333333311583,-2.0,1.0000000000000009,2.23606797749979,27.225315017031434,2.2360452719662205,0,0.0,0.0,False,False
1.3999999999999013,-26.933333333312493,-2.0,1.0000000000000009,2.23606797749979,27.025995716038324,2.2360452719662205,0,0.0,0.0,False,False
1.4199999999998991,-26.733333333313404,-2.0,1.0000000000000009,2.23606797749979,26.826686547355145,2.2360452719662205,0,0.0,0.0,False,False
1.439999999999897,-26.533333333314314,-2.0,1.0000000000000009,2.23606797749979,26.62738773850654,2.2360452719662205,0,0.0,0.0,False,False
1.4599999999998947,-26.333333333315224,-2.0,1.0000000000000009,2.23606797749979,26.428099523868354,2.2360452719662205,0,0.0,0.0,False,False
1.4799999999998925,-26.133333333316024,-2.0,1.0000000000000009,2.23606797749979,26.22882214492687,2.2360452719662205,0,0.0,0.0,False,False
1.4999999999998903,-25.933333333314714,-2.0,1.0000000000000009,2.23606797749979,26.029555850548277,2.2360452719662205,0,0.0,0.0,False,False
1.519999999999888,-25.73333333331468,-2.0,1.0000000000000009,2.23606797749979,25.830300897269556,2.2360452719662205,0,0.0,0.0,False,False
1.539999999999886,-25.53333333331559,-2.0,1.0000000000000009,2.23606797749979,25.631057549586302,2.2360452719662205,0,0.0,0.0,False,False
1.5599999999998837,-25.333333333314666,-2.0,1.0000000000000009,2.23606797749979,25.431826080264706,2.2360452719662205,0,0.0,0.0,False,False
1.5799999999998815,-25.133333333315356,-2.0,1.0000000000000009,2.23606797749979,25.232606770675535,2.2360452719662205,0,0.0,0.0,False,False
1.5999999999998793,-24.9333333333151,-2.0,1.0000000000000009,2.23606797749979,25.033399911122775,2.2360452719662205,0,0.0,0.0,False,False
1.619999999999877,-24.73333333331479,-2.0,1.0000000000000009,2.23606797749979,24.834205801210164,2.2360452719662205,0,0.0,0.0,False,False
1.639999999999875,-24.533333333315145,-2.0,1.0000000000000009,2.23606797749979,24.63502475021188,2.2360452719662205,0,0.0,0.0,False,False
1.6599999999998727,-24.333333333315387,-2.0,1.0000000000000009,2.23606797749979,24.4358570774638,2.2360452719662205,0,0.0,0.0,False,False
1.6799999999998705,-24.133333333315075,-2.0,1.0000000000000009,2.23606797749979,24.236703112777047,2.2360452719662205,0,0.0,0.0,False,False
1.6999999999998683,-23.933333333314877,-2.0,1.0000000000000009,2.23606797749979,24.03756319687087,2.2360452719662205,0,0.0,0.0,False,False
1.719999999999866,-23.7333333333154,-2.0,1.0000000000000009,2.23606797749979,23.83843768182512,2.2360452719662205,0,0.0,0.0,False,False
1.7399999999998639,-23.533333333315365,-2.0,1.0000000000000009,2.23606797749979,23.6393269315548,2.2360452719662205,0,0.0,0.0,False,False
1.7599999999998617,-23.333333333315053,-2.0,1.0000000000000009,2.23606797749979,23.440231322314023,2.2360452719662205,0,0.0,0.0,False,False
1.7799999999998595,-23.133333333315132,-2.0,1.0000000000000009,2.23606797749979,23.241151243220912,2.2360452719662205,0,0.0,0.0,False,False
1.7999999999998573,-22.93333333331565,-2.0,1.0000000000000009,2.23606797749979,23.042087096809762,2.2360452719662205,0,0.0,0.0,False,False
1.819999999999855,-22.733333333315343,-2.0,1.0000000000000009,2.23606797749979,22.84303929961218,2.2360452719662205,0,0.0,0.0,False,False
1.8399999999998529,-22.53333333331503,-2.0,1.0000000000000009,2.23606797749979,22.64400828277287,2.2360452719662205,0,0.0,0.0,False,False
1.8599999999998507,-22.333333333315387,-2.0,1.0000000000000009,2.23606797749979,22.444994492692043,2.2360452719662205,0,0.0,0.0,False,False
1.8799999999998485,-22.13333333331563,-2.0,1.0000000000000009,2.23606797749979,22.245998391703186,2.2360452719662205,0,0.0,0.0,False,False
1.8999999999998463,-21.933333333315318,-2.0,1.0000000000000009,2.23606797749979,22.047020458790364,2.2360452719662205,0,0.0,0.0,False,False
1.919999999999844,-21.73333333331512,-2.0,1.0000000000000009,2.23606797749979,21.848061190343323,2.2360452719662205,0,0.0,0.0,False,False
1.9399999999998419,-21.53333333331564,-2.0,1.0000000000000009,2.23606797749979,21.649121100951938,2.2360452719662205,0,0.0,0.0,False,False
1.9599999999998396,-21.333333333315608,-2.0,1.0000000000000009,2.23606797749979,21.45020072424393,2.2360452719662205,0,0.0,0.0,False,False
1.9799999999998374,-21.133333333315296,-2.0,1.0000000000000009,2.23606797749979,21.25130061377457,2.2360452719662205,0,0.0,0.0,False,False
1.9999999999998352,-20.933333333315375,-2.0,1.0000000000000009,2.23606797749979,21.05242134396166,2.2360452719662205,0,0.0,0.0,False,False
2.019999999999842,-20.733333333315674,-2.0,1.0000000000000009,2.23606797749979,20.853563511073563,2.2360452719662205,0,0.0,0.0,False,False
2.0399999999998486,-20.533333333315586,-2.0,1.0000000000000009,2.23606797749979,20.654727734275486,2.2360452719662205,0,0.0,0.0,False,False
2.0599999999998553,-20.33333333331533,-2.0,1.0000000000000009,2.23606797749979,20.455914656737114,2.2360452719662205,0,0.0,0.0,False,False
2.079999999999862,-20.133333333315072,-2.0,1.0000000000000009,2.23606797749979,20.25712494680269,2.2360452719662205,0,0.0,0.0,False,False
2.0999999999998686,-19.933333333314874,-2.0,1.0000000000000009,2.23606797749979,20.058359299230876,2.2360452719662205,0,0.0,0.0,False,False
2.1199999999998753,-19.733333333314953,-2.0,1.0000000000000009,2.23606797749979,19.859618436508768,2.2360452719662205,0,0.0,0.0,False,False
2.139999999999882,-19.53333333331497,-2.0,1.0000000000000009,2.23606797749979,19.660903110243787,2.2360452719662205,0,0.0,0.0,False,False
2.1599999999998887,-19.33333333331516,-2.0,1.0000000000000009,2.23606797749979,19.462214102641948,2.2360452719662205,0,0.0,0.0,False,False
2.1799999999998954,-19.13333333331513,-2.0,1.0000000000000009,2.23606797749979,19.263552228074335,2.2360452719662205,0,0.0,0.0,False,False
2.199999999999902,-18.933333333314874,-2.0,1.0000000000000009,2.23606797749979,19.064918334742796,2.2360452719662205,0,0.0,0.0,False,False
2.2199999999999087,-18.73333333331462,-2.0,1.0000000000000009,2.23606797749979,18.86631330644852,2.2360452719662205,0,0.0,0.0,False,False
2.2399999999999154,-18.533333333314474,-2.0,1.0000000000000009,2.23606797749979,18.66773806447223,2.2360452719662205,0,0.0,0.0,False,False
2.259999999999922,-18.333333333314826,-2.0,1.0000000000000009,2.23606797749979,18.469193569575054,2.2360452719662205,0,0.0,0.0,False,False
2.2799999999999288,-18.133333333314795,-2.0,1.0000000000000009,2.23606797749979,18.270680824126547,2.2360452719662205,0,0.0,0.0,False,False
2.2999999999999354,-17.933333333314483,-2.0,1.0000000000000009,2.23606797749979,18.072200874375216,2.2360452719662205,0,0.0,0.0,False,False
2.319999999999942,-17.733333333314118,-2.0,1.0000000000000009,2.23606797749979,17.873754812865414,2.2360452719662205,0,0.0,0.0,False,False
2.339999999999949,-17.53333333331436,-2.0,1.0000000000000009,2.23606797749979,17.675343781016323,2.2360452719662205,0,0.0,0.0,False,False
2.3599999999999555,-17.33333333331466,-2.0,1.0000000000000009,2.23606797749979,17.476968971872584,2.2360452719662205,0,0.0,0.0,False,False
2.379999999999962,-17.133333333314347,-2.0,1.0000000000000009,2.23606797749979,17.27863163304492,2.2360452719662205,0,0.0,0.0,False,False
2.399999999999969,-16.933333333313982,-2.0,1.0000000000000009,2.23606797749979,17.080333069853243,2.2360452719662205,0,0.0,0.0,False,False
2.4199999999999755,-16.73333333331395,-2.0,1.0000000000000009,2.23606797749979,16.882074648685677,2.2360452719662205,0,0.0,0.0,False,False
2.439999999999982,-16.533333333314193,-2.0,1.0000000000000009,2.23606797749979,16.683857800595106,2.2360452719662205,0,0.0,0.0,False,False
2.459999999999989,-16.333333333314272,-2.0,1.0000000000000009,2.23606797749979,16.4856840251521,2.2360452719662205,0,0.0,0.0,False,False
2.4799999999999955,-16.13333333331407,-2.0,1.0000000000000009,2.23606797749979,16.287554894575884,2.2360452719662205,0,0.0,0.0,False,False
2.500000000000002,-15.93333333331387,-2.0,1.0000000000000009,2.23606797749979,16.08947205816558,2.2360452719662205,0,0.0,0.0,False,False
2.520000000000009,-15.73333333331367,-2.0,1.0000000000000009,2.23606797749979,15.891437247057269,2.2360452719662205,0,0.0,0.0,False,False
2.5400000000000156,-15.53333333331347,-2.0,1.0000000000000009,2.23606797749979,15.693452279336991,2.2360452719662205,0,0.0,0.0,False,False
2.5600000000000223,-15.333333333313437,-2.0,1.0000000000000009,2.23606797749979,15.49551906553959,2.2360452719662205,0,0.0,0.0,False,False
2.580000000000029,-15.133333333313626,-2.0,1.0000000000000009,2.23606797749979,15.297639614567382,2.2360452719662205,0,0.0,0.0,False,False
2.6000000000000356,-14.933333333313815,-2.0,1.0000000000000009,2.23606797749979,15.099816040066894,2.2360452719662205,0,0.0,0.0,False,False
2.6200000000000423,-14.733333333313558,-2.0,1.0000000000000009,2.23606797749979,14.90205056730544,2.2360452719662205,0,0.0,0.0,False,False
2.640000000000049,-14.533333333313191,-2.0,1.0000000000000009,2.23606797749979,14.704345540594193,2.2360452719662205,0,0.0,0.0,False,False
2.6600000000000557,-14.333333333313103,-2.0,1.0000000000000009,2.23606797749979,14.506703431305972,2.2360452719662205,0,0.0,0.0,False,False
2.6800000000000623,-14.133333333313292,-2.0,1.0000000000000009,2.23606797749979,14.309126846546038,2.2360452719662205,0,0.0,0.0,False,False
2.700000000000069,-13.933333333313481,-2.0,1.0000000000000009,2.23606797749979,14.111618538538538,2.2360452719662205,0,0.0,0.0,False,False
2.7200000000000757,-13.733333333313224,-2.0,1.0000000000000009,2.23606797749979,13.914181414797353,2.2360452719662205,0,0.0,0.0,False,False
2.7400000000000824,-13.533333333312857,-2.0,1.0000000000000009,2.23606797749979,13.716818549159163,2.2360452719662205,0,0.0,0.0,False,False
2.760000000000089,-13.333333333312769,-2.0,1.0000000000000009,2.23606797749979,13.519533193761884,2.2360452719662205,0,0.0,0.0,False,False
2.7800000000000957,-13.133333333312958,-2.0,1.0000000000000009,2.23606797749979,13.322328792065944,2.2360452719662205,0,0.0,0.0,False,False
2.8000000000001024,-12.933333333313147,-2.0,1.0000000000000009,2.23606797749979,13.125208993025176,2.2360452719662205,0,0.0,0.0,False,False
2.820000000000109,-12.73333333331289,-2.0,1.0000000000000009,2.23606797749979,12.928177666525826,2.2360452719662205,0,0.0,0.0,False,False
2.8400000000001158,-12.533333333312523,-2.0,1.0000000000000009,2.23606797749979,12.731238920227787,2.2360452719662205,0,0.0,0.0,False,False
2.8600000000001224,-12.333333333312435,-2.0,1.0000000000000009,2.23606797749979,12.534397117954882,2.2360452719662205,0,0.0,0.0,False,False
2.880000000000129,-12.133333333312624,-2.0,1.0000000000000009,2.23606797749979,12.337656899803754,2.2360452719662205,0,0.0,0.0,False,False
2.900000000000136,-11.933333333312813,-2.0,1.0000000000000009,2.23606797749979,12.14102320416013,2.2360452719662205,0,0.0,0.0,False,False
2.9200000000001425,-11.733333333312556,-2.0,1.0000000000000009,2.23606797749979,11.944501291833976,2.2360452719662205,0,0.0,0.0,False,False
2.940000000000149,-11.53333333331219,-2.0,1.0000000000000009,2.23606797749979,11.748096772553845,2.2360452719662205,0,0.0,0.0,False,False
2.960000000000156,-11.333333333312101,-2.0,1.0000000000000009,2.23606797749979,11.55181563408814,2.2360452719662205,0,0.0,0.0,False,False
2.9800000000001625,-11.13333333331229,-2.0,1.0000000000000009,2.23606797749979,11.355664274301285,2.2360452719662205,0,0.0,0.0,False,False
3.000000000000169,-10.93333333331248,-2.0,1.0000000000000009,2.23606797749979,11.159649536491806,2.2360452719662205,0,0.0,0.0,False,False
3.020000000000176,-10.733333333312222,-2.0,1.0000000000000009,2.23606797749979,10.963778748405645,2.2360452719662205,0,0.0,0.0,False,False
3.0400000000001826,-10.533333333311855,-2.0,1.0000000000000009,2.23606797749979,10.768059765373641,2.2360452719662205,0,0.0,0.0,False,False
3.0600000000001892,-10.333333333311767,-2.0,1.0000000000000009,2.23606797749979,10.572501018081391,2.2360452719662205,0,0.0,0.0,False,False
3.080000000000196,-10.133333333311956,-2.0,1.0000000000000009,2.23606797749979,10.377111565556728,2.2360452719662205,0,0.0,0.0,False,False
3.1000000000002026,-9.933333333312145,-2.0,1.0000000000000009,2.23606797749979,10.181901154042409,2.2360452719662205,0,0.0,0.0,False,False
3.1200000000002093,-9.733333333311888,-2.0,1.0000000000000009,2.23606797749979,9.986880282518676,2.2360452719662205,0,0.0,0.0,False,False
3.140000000000216,-9.533333333311521,-2.0,1.0000000000000009,2.23606797749979,9.792060275755484,2.2360452719662205,0,0.0,0.0,False,False
3.1600000000002226,-9.333333333311433,-2.0,1.0000000000000009,2.23606797749979,9.597453365904014,2.2360452719662205,0,0.0,0.0,False,False
3.1800000000002293,-9.133333333311732,-2.0,1.0000000000000009,2.23606797749979,9.403072783796965,2.2360452719662205,0,0.0,0.0,False,False
3.200000000000236,-8.933333333311754,-2.0,1.0000000000000009,2.23606797749979,9.208932861306943,2.2360452719662205,0,0.0,0.0,False,False
3.2200000000002427,-8.733333333311554,-2.0,1.0000000000000009,2.23606797749979,9.015049146329192,2.2360452719662205,0,0.0,0.0,False,False
3.2400000000002493,-8.533333333311354,-2.0,1.0000000000000009,2.23606797749979,8.821438532201121,2.2360452719662205,0,0.0,0.0,False,False
3.260000000000256,-8.33333333331121,-2.0,1.0000000000000009,2.23606797749979,8.628119403675155,2.2360452719662205,0,0.0,0.0,False,False
3.2800000000002627,-8.133333333311066,-2.0,1.0000000000000009,2.23606797749979,8.435111801911631,2.2360452719662205,0,0.0,0.0,False,False
3.3000000000002694,-7.933333333310921,-2.0,1.0000000000000009,2.23606797749979,8.242437611375786,2.2360452719662205,0,0.0,0.0,False,False
3.320000000000276,-7.742045613614412,-1.989240653309701,1.0083681792174837,2.230220787643768,8.056870052627419,2.2295419717621234,0,0.0,0.0,False,False
3.3400000000002827,-7.557841837869061,-1.9383065479351336,1.021420575173515,2.1909660575088807,7.869009182317683,2.1931478839192966,0,0.0,0.0,False,False
3.3600000000002894,-7.3620558977728345,-1.8665053575376316,1.0162584963959165,2.125234947297256,7.66266863586997,2.135934891667018,0,0.0,0.0,False,False
3.380000000000296,-7.1605816338694,-1.7787271574750019,0.9962577938643635,2.0387250654697384,7.445154748417414,2.061433983371516,0,0.0,0.0,False,False
3.400000000000303,-6.956728777262167,-1.6792251791648214,0.9644137909403661,1.936463571177391,7.221216410196044,1.9729007537595722,0,0.0,0.0,False,False
3.4200000000003095,-6.7522603854743295,-1.5716650293874965,0.9233636478114815,1.8228360844297893,6.993979675688603,1.8733125642912365,0,0.0,0.0,False,False
3.440000000000316,-6.548039307280318,-1.459174123948804,0.8754102381116624,1.701626342353831,6.765526659372542,1.7653702566742724,0,0.0,0.0,False,False
3.460000000000323,-6.344423571640667,-1.3443905296895853,0.822546893529702,1.5760613212608217,6.537253226299569,1.6515034341821941,0,0.0,0.0,False,False
3.4800000000003295,-6.141502854030811,-1.2295105638530957,0.766482475307112,1.448858727267526,6.310091038776531,1.5338785673463053,0,0.0,0.0,False,False
3.500000000000336,-5.939235966689771,-1.116334636896996,0.708666324362367,1.3222749263376417,6.0846474712050975,1.4144093316219173,0,0.0,0.0,False,False
3.520000000000343,-5.73752785264392,-1.0063109450869072,0.6503127247667606,1.1981520597133208,5.861296291611612,1.2947686884300822,0,0.0,0.0,False,False
3.5400000000003495,-5.536270428117107,-0.9005767238100422,0.5924245889466773,1.0779635100767875,5.640238964999714,1.1764022996631014,0,0.0,0.0,False,False
3.560000000000356,-5.335362426638735,-0.7999968627087597,0.535816137831463,0.9628571617350536,5.421548315517704,1.0605429315095787,0,0.0,0.0,False,False
3.580000000000363,-5.134717500821284,-0.7051997606683075,0.48113440579797273,0.8536960928159426,5.205201324841296,0.9482255642462148,0,0.0,0.0,False,False
3.6000000000003696,-4.934266108605867,-0.6166103635999235,0.4288794492909864,0.7510964801694717,4.991104882995293,0.8403029875572523,0,0.0,0.0,False,False
3.6200000000003763,-4.73395439083768,-0.534480382008582,0.3794231800315906,0.6554626063303112,4.779116592303296,0.7374617354002495,0,0.0,0.0,False,False
3.640000000000383,-4.533741830889837,-0.45891572965009503,0.33302677938518155,0.5670189438704367,4.569061771509363,0.6402383171120786,0,0.0,0.0,False,False
3.6600000000003896,-4.333598642155268,-0.3899012602381412,0.2898566803362368,0.48583936426645596,4.3607473074188565,0.549035866721894,0,0.0,0.0,False,False
3.6800000000003963,-4.133503339489863,-0.32732290717164425,0.24999912820422576,0.41187358456469353,4.1539727619757,0.4641416379646447,0,0.0,0.0,False,False
3.700000000000403,-3.9334406776190267,-0.2709873525654804,0.21347335127513967,0.3449710378496826,3.948539043912712,0.3857464077227179,0,0.0,0.0,False,False
3.7200000000004096,-3.7333999956088992,-0.22063936736379022,0.18024338845995524,0.28490245613932486,3.744254924110636,0.31396831702057676,0,0.0,0.0,False,False
3.7400000000004163,-3.533373937375184,-0.17597697480710853,0.1502286334086056,0.23137964032749064,3.5409416712620794,0.24888743350597511,0,0.0,0.0,False,False
3.760000000000423,-3.333357490718003,-0.13666459575474882,0.12331316367633627,0.1840743004025163,3.338436087301133,0.19060808197863865,0,0.0,0.0,False,False
3.7800000000004297,-3.1333472817763885,-0.10234433700680892,0.09935392998408621,0.14263788669440522,3.136592220059236,0.13940099111891707,0,0.0,0.0,False,False
3.8000000000004364,-2.933341066684636,-0.07264558343387266,0.07818788472815918,0.10672734471873487,2.9352820204554906,0.0961059282626258,0,0.0,0.0,False,False
3.820000000000443,-2.7333373712167264,-0.04719305195124436,0.059638131034961406,0.07605189560961696,2.734395193770604,0.06343249963440423,0,0.0,0.0,False,False
3.8400000000004497,-2.533335239015999,-0.025613460651964046,0.043519174148048956,0.05049720670589535,2.533838471790447,0.04857531742407538,0,0.0,0.0,False,False
3.8600000000004564,-2.3333340580136697,-0.0075409601652837895,0.029641356069753932,0.030585553286941455,2.333534508499158,0.05544857767582121,0,0.0,0.0,False,False
3.880000000000463,-2.13333344224953,0.007378533092367421,0.017814552411454798,0.0192821427288471,2.133420581331408,0.0723930627021819,0,0.0,0.0,False,False
3.9000000000004698,-1.9333331523848085,0.01948397033533452,0.007851207572934227,0.02100634571698503,1.933447269689702,0.09024613216306097,0,0.0,0.0,False,False
3.9200000000004764,-1.733333042875429,0.029096647836553004,-0.0004312191334565618,0.029099843045374725,1.7335772951873416,0.10609701598535898,0,0.0,0.0,False,False
3.940000000000483,-1.5333330272938595,0.03651841480085908,-0.007208327793273295,0.037223038687657944,1.5337847721239426,0.11918335577990091,0,0.0,0.0,False,False
3.96000000000049,-1.3333330558514822,0.04203050733105977,-0.012647308357260911,0.04389211723293729,1.334055304618756,0.12939959571038487,0,0.0,0.0,False,False
3.9800000000004965,-1.1333331010253689,0.04589291329849773,-0.01690586753322343,0.048907748343941654,1.1343878903302227,0.13687052844192543,0,0.0,0.0,False,False
4.000000000000503,-0.9333331485033569,0.04834418191344284,-0.020131497029535206,0.052368283316624374,0.9348011570343285,0.14181047928294424,0,0.0,0.0,False,False
4.020000000000492,-0.7333331915767571,0.04960160048666906,-0.02246103274369804,0.05445013097094078,0.7353518794637743,0.1444684420636381,0,0.0,0.0,False,False
4.0400000000004805,-0.5377343194494233,0.0498616691990965,-0.024020459092360946,0.05534589876700815,0.5405750334819972,0.14510349813396042,0,0.0,0.0,False,False
4.0600000000004695,-0.36359443849387496,0.04930081258922105,-0.0249249171642707,0.055243294775051695,0.3677672325279666,0.14397250781726695,0,0.0,0.0,False,False
4.080000000000458,-0.2194763536773059,0.04807627388400797,-0.02527887969058784,0.05431712316554845,0.2260978100125413,0.14132341564535406,0,0.0,0.0,False,False
4.100000000000447,-0.11063745512007728,0.04647029889830474,-0.031545590582077176,0.05616594132452352,0.12407763473050624,0.1346145024468081,0,0.0,0.0,False,False
4.120000000000436,-0.03278904991121934,0.04472562029879179,-0.04898886967713567,0.06633468522089389,0.07399602865989167,0.12226747786115535,0,0.0,0.0,False,False
4.140000000000425,-0.00978859771350038,0.04365871125546802,-0.055561091849648525,0.070661998245262,0.07133676920922445,0.11146080388696081,0,0.0,0.0,False,False
4.160000000000414,-0.005181340588855665,0.04312647546800953,-0.05368348704021253,0.06886079920455103,0.06905545566707397,0.10187111865869962,0,0.0,0.0,False,False
4.180000000000403,-0.0019458036948916124,0.04276572484798941,-0.04681441318007962,0.06340738524154067,0.0634372339812212,0.09313999638738256,1,0.7523730010590589,4.102661877366236e-05,True,False
4.200000000000392,-0.0012073378887755837,0.042803584794989136,-0.035917657092543465,0.05587687323320233,0.05588991525397973,0.08499149503756973,1,0.303556691924685,3.4893512962564494e-05,True,False
4.220000000000381,-0.0020255477985453574,0.04263108318345306,-0.02593697097574843,0.049901259671388164,0.0499423523742675,0.07721800904633853,1,0.303578765705658,4.106889775264185e-05,True,False
4.24000000000037,-0.002979629699417785,0.041349977880024424,-0.019274171781269445,0.04562142444655134,0.045718623794664306,0.06977988359565497,1,0.3025239638851891,5.076766751637471e-05,True,False
4.260000000000359,-0.0033867280426203017,0.03976464137915045,-0.01600341295249219,0.04286415670627895,0.04299774246370511,0.06259309358492134,2,0.30346876292758196,1.466528860430123e-05,True,False
4.2800000000003475,-0.0034361634568269572,0.038285482829831054,-0.01574486047350998,0.041396604049651044,0.04153897021046162,0.05561950699268602,2,0.3015167817674277,2.0973603938817807e-05,True,False
4.300000000000336,-0.0021939669699322373,0.004543335678960795,-0.002070532762632471,0.004992895453827629,0.005453668130534369,0.019471175066391195,1,11.925278280444866,0.00044739051271755487,True,True
4.320000000000325,-0.0020829757534368554,0.0003539312192549413,-5.69510898440484e-05,0.00035848393910705985,0.0021135985247921494,0.017740239779684763,3,13.921243539197961,0.00045903864899983694,True,True
4.340000000000314,-0.0009252264352999084,0.00013802850645293444,-1.820732251078816e-05,0.00013922419037882611,0.000935642737247725,0.00515890485764643,2,5.328459098992138,0.0001251779586686261,True,True
4.360000000000303,-0.0006398002128649161,8.853201236548674e-05,-1.7557395731726544e-05,9.025618736886212e-05,0.0006461350414118979,0.0035724647476483816,5,4.450060318150535,0.00018789579356115067,True,True
4.380000000000292,-0.0006017288786686059,8.120803347601344e-05,-1.2995892029188383e-05,8.224133942656602e-05,0.0006073230452851707,0.0032856128264107014,7,4.293160804046216,0.00018914942021378304,True,True
4.400000000000281,-0.0005895661573385169,7.94457951707082e-05,-1.2952496519780254e-05,8.049472986724686e-05,0.0005950358438071659,0.002819398174845527,7,4.201292066805407,0.00019105915056024959,True,True
4.42000000000027,-0.0005799897945801824,7.80991221307187e-05,-1.3421153799431096e-05,7.924392876994995e-05,0.0005853783067931875,0.002787413841827788,7,4.152606556108466,0.00019212930490629336,True,True
4.440000000000259,-0.0005737521451831817,7.730936187938303e-05,-1.3000686610586953e-05,7.839486773089228e-05,0.0005790831368541541,0.002752598750104394,7,4.108513065005706,0.00018947274825842895,True,True
4.460000000000248,-0.0005681860619222157,7.657025216678731e-05,-1.2872553439846612e-05,7.764474321515335e-05,0.0005734667445559708,0.002723678296001739,7,4.068952575949894,0.00018813897056618053,True,True
4.480000000000237,-0.0005627242087302697,7.582575898153948e-05,-1.281746950243523e-05,7.690145154398825e-05,0.0005679545477770916,0.002697646668939299,7,4.0298065690641085,0.0001864059688109548,True,True
4.500000000000226,-0.00055731104298129,7.509532534717363e-05,-1.2688508299607548e-05,7.615974088629154e-05,0.0005624908041566193,0.00267165252000679,7,3.990988018895914,0.0001845497373251857,True,True
4.5200000000002145,-0.0005519507605966645,7.437312463762986e-05,-1.2574036339918493e-05,7.542856261551068e-05,0.0005570808829797326,0.0026460268872231445,7,3.952567923681688,0.0001828232967586161,True,True
4.540000000000203,-0.0005466436641121675,7.365636766523395e-05,-1.2468797966347367e-05,7.470429318561089e-05,0.0005517245933745729,0.002620649673217024,7,3.9145221343565497,0.00018109769946905702,True,True
4.560000000000192,-0.0005413869834658414,7.294682435923775e-05,-1.2359399892414302e-05,7.398644436515443e-05,0.0005464191246799852,0.0025955072504751167,7,3.8768385305967756,0.00017937462208921867,True,True
4.580000000000181,-0.0005361807618453618,7.224425625782507e-05,-1.2251340497648755e-05,7.32756979239067e-05,0.0005411646119983347,0.0025706112915586314,7,3.839519182210579,0.0001776754590750842,True,True
4.60000000000017,-0.0005310247042644711,7.154833931354888e-05,-1.2145015187980945e-05,7.257180066970237e-05,0.0005359607287774096,0.0025459546059903334,7,3.802560080193714,0.00017599233140585768,True,True
4.620000000000159,-0.0005259181661831924,7.08591268318426e-05,-1.2039329255753017e-05,7.187462211587333e-05,0.0005308068187446272,0.0025215341848281543,7,3.7659569103547588,0.00017432404173289576,True,True
4.640000000000148,-0.0005208606944639982,7.017655818398413e-05,-1.1934578048045097e-05,7.118415182984896e-05,0.000525702431523056,0.0024973487618099176,7,3.729706582272601,0.00017267212151411706,True,True
4.660000000000137,-0.00051585183785674,6.950054810589897e-05,-1.1830834562021053e-05,7.050031796704387e-05,0.0005206471102902913,0.002473395845740349,7,3.6938056952922627,0.0001710360169592999,True,True
4.680000000000126,-0.0005108911184659171,6.883104030996512e-05,-1.1728009591260857e-05,6.982305005601482e-05,0.0005156403720098733,0.0024496731056386366,7,3.658250796570326,0.00016941542529593808,True,True
4.700000000000115,-0.0005059780740501729,6.816797370111544e-05,-1.162610813176812e-05,6.915228867367682e-05,0.0005106817506513522,0.0024261784000521223,7,3.62303855105295,0.00016781031732628486,True,True
4.720000000000104,-0.0005011122484188668,6.751128478106848e-05,-1.1525130710898779e-05,6.848797128469954e-05,0.000505770785757843,0.0024029095272432247,7,3.58816564965951,0.00016622052984086974,True,True
4.740000000000093,-0.0004962931870466925,6.68609125776692e-05,-1.1425063395353874e-05,6.783003541431022e-05,0.0005009070185306549,0.0023798643056947046,7,3.5536287935576722,0.00016464589952033123,True,True
4.7600000000000815,-0.0004915204409039475,6.621679660734128e-05,-1.1325898108260901e-05,6.717842005359095e-05,0.0004960899958145776,0.0023570405892724966,7,3.5194247379693877,0.00016308628986077135,True,True
4.78000000000007,-0.00048679356517977723,6.55788766321138e-05,-1.1227627272347718e-05,6.653306452055826e-05,0.0004913192686786615,0.0023344362477390806,7,3.485550254352438,0.00016154155553935556,True,True
4.800000000000059,-0.00048211211867155157,6.494709312566648e-05,-1.1130242200119156e-05,6.589390864797221e-05,0.00048659439183665023,0.0023120491705241643,7,3.4520021547827127,0.00016001155342135477,True,True
4.820000000000048,-0.000477475665117133,6.432138713124839e-05,-1.1033734897969438e-05,6.526089294735856e-05,0.0004819149249891884,0.002289877268523123,7,3.418777278534834,0.0001584961422226244,True,True
4.840000000000037,-0.0004728837724177204,6.370170029130405e-05,-1.0938097178003758e-05,6.463395848838736e-05,0.00047728043203748983,0.0022679184724852235,7,3.3858724988293196,0.0001569951820868516,True,True
4.860000000000026,-0.00046833601208273734,6.308797471994622e-05,-1.0843321046616339e-05,6.401304683878566e-05,0.0004726904805252021,0.002246170733009777,7,3.353284717209056,0.0001555085345018149,True,True
4.880000000000015,-0.00046383196045107766,6.24801531968645e-05,-1.0749398537956978e-05,6.339810022730563e-05,0.0004681446428704718,0.002224632020477684,7,3.321010869868311,0.00015403606242278556,True,True
4.900000000000004,-0.00045937119741434884,6.187817894831731e-05,-1.0656321741686625e-05,6.278906133254679e-05,0.000463642495072351,0.0022033003248531787,7,3.289047912090177,0.00015257762888060703,True,True
4.919999999999993,-0.0004549533070274947,6.128199581999187e-05,-1.0564082913999684e-05,6.218587347215894e-05,0.0004591836173414174,0.002182173655393164,7,3.2573928449653393,0.00015113310056289928,True,True
4.939999999999982,-0.0004505778778418623,6.069154817951884e-05,-1.0472674283334982e-05,6.158848047380031e-05,0.00045476759441229745,0.0021612500405634384,7,3.226042686343284,0.000149702343055633,True,True
4.959999999999971,-0.00044624450101782287,6.01067808649381e-05,-1.0382088161398073e-05,6.099682664316835e-05,0.00045039401366934534,0.002140527527823993,7,3.194994488000144,0.00014828522526199927,True,True
4.97999999999996,-0.00044195277326686266,5.9527639338317355e-05,-1.0292316970916815e-05,6.041085692011503e-05,0.0004460624680827715,0.002120004183397136,7,3.1642453296524202,0.00014688161558872563,True,True
4.9999999999999485,-0.0004780796432068968,-2.6334850975419212e-05,-6.146760489489367e-06,2.704268922301711e-05,0.00047884387047266916,0.0017751932693736787,2,1.2629235166244368,1.4939706455087145e-05,True,True
5.019999999999937,-0.00028295658704990956,-6.885333668305528e-05,-1.2934811555176395e-07,6.885345817985589e-05,0.0002912133734193164,0.0001460950892005282,0,0.0,0.0,False,True
5.039999999999926,-0.0002786290942968783,-6.963731216334378e-05,-1.3695711231775931e-09,6.963731217681159e-05,0.0002871994558419452,0.0006863575159413168,0,0.0,0.0,False,True
5.059999999999915,-0.000278593277058814,-6.964811317116189e-05,-1.4516166046973922e-11,6.964811317116341e-05,0.00028716732699015794,0.00012437704209645082,0,0.0,0.0,False,True
5.079999999999904,-0.00027859201989777205,-6.964800782841459e-05,-1.3877787807814457e-13,6.964800782841459e-05,0.0002871660818153626,0.0002637626230330373,0,0.0,0.0,False,True
5.099999999999893,-0.0002785937551208484,-6.964844385323876e-05,-1.1102230246251565e-13,6.964844385323876e-05,0.0002871678709805694,7.309797075349901e-05,0,0.0,0.0,False,True
5.119999999999882,-0.00027859358681103785,-6.964840178673941e-05,-1.1102230246251565e-13,6.964840178673941e-05,0.00028716769749344436,9.913446346817174e-05,0,0.0,0.0,False,True
5.139999999999871,-0.00027859387685680304,-6.964847431312118e-05,-1.1102230246251565e-13,6.964847431312118e-05,0.00028716799646939946,3.8691860102319905e-05,0,0.0,0.0,False,True
5.15999999999986,-0.00027859384904571627,-6.964846734822213e-05,-1.1102230246251565e-13,6.964846734822213e-05,0.00028716796779944606,3.6146166142749395e-05,0,0.0,0.0,False,True
5.179999999999849,-0.00027859389473139373,-6.964847877739274e-05,-1.1102230246251565e-13,6.964847877739274e-05,0.0002871680148930445,1.898437147144688e-05,0,0.0,0.0,False,True
5.199999999999838,-0.0002785938912341912,-6.964847789383207e-05,-1.1102230246251565e-13,6.964847789383207e-05,0.0002871680112859647,1.2722124386819054e-05,0,0.0,0.0,False,True
5.219999999999827,-0.00027859389800655165,-6.964847959257645e-05,-1.1102230246251565e-13,6.964847959257645e-05,0.0002871680182681255,8.83658351203047e-06,0,0.0,0.0,False,True
5.2399999999998155,-0.00027859389778450705,-6.964847952728567e-05,-1.1102230246251565e-13,6.964847952728567e-05,0.00028716801803687524,4.273943440254823e-06,0,0.0,0.0,False,True
5.259999999999804,-0.00027859389867268547,-6.964847976379314e-05,-1.1102230246251565e-13,6.964847976379314e-05,0.0002871680189558964,3.957035945844385e-06,0,0.0,0.0,False,True
5.279999999999793,-0.00027859389867268547,-6.964847977082175e-05,-1.1102230246251565e-13,6.964847977082175e-05,0.00028716801895760103,1.3418971670586395e-06,0,0.0,0.0,False,True
5.299999999999782,-0.00027859389867268547,-6.964847980116236e-05,-1.1102230246251565e-13,6.964847980116236e-05,0.00028716801896495973,1.7177072652817887e-06,0,0.0,0.0,False,True
5.319999999999771,-0.00027859389867268547,-6.96484798057048e-05,-1.1102230246251565e-13,6.96484798057048e-05,0.0002871680189660614,3.7618322554733434e-07,0,0.0,0.0,False,True
5.33999999999976,-0.00027859389867268547,-6.96484798091665e-05,-1.1102230246251565e-13,6.96484798091665e-05,0.000287168018966901,7.260579451523426e-07,0,0.0,0.0,False,True
5.359999999999749,-0.00027859389867268547,-6.964847981049313e-05,-1.1102230246251565e-13,6.964847981049313e-05,0.00028716801896722273,8.228220889811232e-08,0,0.0,0.0,False,True
5.379999999999738,-0.00027859389867268547,-6.964847981081346e-05,-1.1102230246251565e-13,6.964847981081346e-05,0.00028716801896730047,2.99615261469423e-07,0,0.0,0.0,False,True
5.399999999999727,-0.00027859389867268547,-6.964847981112174e-05,-1.1102230246251565e-13,6.964847981112174e-05,0.0002871680189673752,5.580038718152999e-09,0,0.0,0.0,False,True
5.419999999999716,-0.00027859389867268547,-6.964847981113725e-05,-1.1102230246251565e-13,6.964847981113725e-05,0.00028716801896737896,1.2088111752479425e-07,0,0.0,0.0,False,True
5.439999999999705,-0.00027859389867268547,-6.964847981120063e-05,-1.1102230246251565e-13,6.964847981120063e-05,0.0002871680189673943,1.0104066600484568e-08,0,0.0,0.0,False,True
5.4599999999996935,-0.00027859389867268547,-6.964847981119821e-05,-1.1102230246251565e-13,6.964847981119821e-05,0.0002871680189673938,4.775112670116667e-08,0,0.0,0.0,False,True
5.4799999999996825,-0.00027859389867268547,-6.96484798112102e-05,-1.1102230246251565e-13,6.96484798112102e-05,0.00028716801896739664,8.93795810499497e-09,0,0.0,0.0,False,True
5.499999999999671,-0.00027859389867268547,-6.96484798112092e-05,-1.1102230246251565e-13,6.96484798112092e-05,0.0002871680189673964,1.8609457648131703e-08,0,0.0,0.0,False,True
5.51999999999966,-0.00027859389867268547,-6.964847981121135e-05,-1.1102230246251565e-13,6.964847981121135e-05,0.00028716801896739696,5.969780894342854e-09,0,0.0,0.0,False,True
5.539999999999649,-0.00027859389867268547,-6.964847981121118e-05,-1.1102230246251565e-13,6.964847981121118e-05,0.0002871680189673969,7.545516465759213e-09,0,0.0,0.0,False,True
5.559999999999638,-0.00027859389867268547,-6.96484798112115e-05,-1.1102230246251565e-13,6.96484798112115e-05,0.00028716801896739696,4.099443857474222e-09,0,0.0,0.0,False,True
5.579999999999627,-0.00027859389867268547,-6.96484798112115e-05,-1.1102230246251565e-13,6.96484798112115e-05,0.00028716801896739696,3.971103836362738e-09,0,0.0,0.0,False,True
5.599999999999616,-0.00027859389867268547,-6.96484798112115e-05,-1.1102230246251565e-13,6.96484798112115e-05,0.00028716801896739696,3.3500415403949465e-09,0,0.0,0.0,False,True
5.619999999999605,-0.00027859389867268547,-6.96484798112115e-05,-1.1102230246251565e-13,6.96484798112115e-05,0.00028716801896739696,3.200050924643251e-09,0,0.0,0.0,False,True
5.639999999999594,-0.00027859389867268547,-6.96484798112115e-05,-1.1102230246251565e-13,6.96484798112115e-05,0.00028716801896739696,3.137095725686542e-09,0,0.0,0.0,False,True
5.659999999999583,-0.00027859389867268547,-6.96484798112115e-05,-1.1102230246251565e-13,6.96484798112115e-05,0.00028716801896739696,3.0899580745915466e-09,0,0.0,0.0,False,True
5.679999999999572,-0.00027859389867268547,-6.96484798112115e-05,-1.1102230246251565e-13,6.96484798112115e-05,0.00028716801896739696,3.088098338719554e-09,0,0.0,0.0,False,True
5.6999999999995605,-0.00027859389867268547,-6.96484798112115e-05,-1.1102230246251565e-13,6.96484798112115e-05,0.00028716801896739696,3.077116125733688e-09,0,0.0,0.0,False,True
5.7199999999995494,-0.00027859389867268547,-6.96484798112115e-05,-1.1102230246251565e-13,6.96484798112115e-05,0.00028716801896739696,3.078047667172807e-09,0,0.0,0.0,False,True
5.739999999999538,-0.00027859389867268547,-6.96484798112115e-05,-1.1102230246251565e-13,6.96484798112115e-05,0.00028716801896739696,3.0758224557667353e-09,0,0.0,0.0,False,True
5.759999999999527,-0.00027859389867268547,-6.96484798112115e-05,-1.1102230246251565e-13,6.96484798112115e-05,0.00028716801896739696,3.0761300233720765e-09,0,0.0,0.0,False,True
5.779999999999516,-0.00027859389867268547,-6.96484798112115e-05,-1.1102230246251565e-13,6.96484798112115e-05,0.00028716801896739696,3.075718252590212e-09,0,0.0,0.0,False,True
5.799999999999505,-0.00027859389867268547,-6.96484798112115e-05,-1.1102230246251565e-13,6.96484798112115e-05,0.00028716801896739696,3.075784027603142e-09,0,0.0,0.0,False,True
5.819999999999494,-0.00027859389867268547,-6.96484798112115e-05,-1.1102230246251565e-13,6.96484798112115e-05,0.00028716801896739696,3.075713164537586e-09,0,0.0,0.0,False,True
5.839999999999483,-0.00027859389867268547,-6.96484798112115e-05,-1.1102230246251565e-13,6.96484798112115e-05,0.00028716801896739696,3.075724661776537e-09,0,0.0,0.0,False,True
5.859999999999472,-0.00027859389867268547,-6.96484798112115e-05,-1.1102230246251565e-13,6.96484798112115e-05,0.00028716801896739696,3.0757132176153555e-09,0,0.0,0.0,False,True
5.879999999999461,-0.00027859389867268547,-6.96484798112115e-05,-1.1102230246251565e-13,6.96484798112115e-05,0.00028716801896739696,3.075714932966336e-09,0,0.0,0.0,False,True
5.89999999999945,-0.00027859389867268547,-6.96484798112115e-05,-1.1102230246251565e-13,6.96484798112115e-05,0.00028716801896739696,3.075713198625903e-09,0,0.0,0.0,False,True
5.919999999999439,-0.00027859389867268547,-6.96484798112115e-05,-1.1102230246251565e-13,6.96484798112115e-05,0.00028716801896739696,3.0757134068209774e-09,0,0.0,0.0,False,True
5.9399999999994275,-0.00027859389867268547,-6.96484798112115e-05,-1.1102230246251565e-13,6.96484798112115e-05,0.00028716801896739696,3.0757131629730525e-09,0,0.0,0.0,False,True
5.959999999999416,-0.00027859389867268547,-6.96484798112115e-05,-1.1102230246251565e-13,6.96484798112115e-05,0.00028716801896739696,3.0757131792276673e-09,0,0.0,0.0,False,True
5.979999999999405,-0.00027859389867268547,-6.96484798112115e-05,-1.1102230246251565e-13,6.96484798112115e-05,0.00028716801896739696,3.075713147692471e-09,0,0.0,0.0,False,True
5.999999999999394,-0.00027859389867268547,-6.96484798112115e-05,-1.1102230246251565e-13,6.96484798112115e-05,0.00028716801896739696,3.075713149095033e-09,0,0.0,0.0,False,True
6.019999999999383,-0.00027859389867268547,-6.96484798112115e-05,-1.1102230246251565e-13,6.96484798112115e-05,0.00028716801896739696,3.0757131417762213e-09,0,0.0,0.0,False,True
6.039999999999372,-0.00027859389867268547,-6.96484798112115e-05,-1.1102230246251565e-13,6.96484798112115e-05,0.00028716801896739696,3.0757131426528628e-09,0,0.0,0.0,False,True
6.059999999999361,-0.00027859389867268547,-6.96484798112115e-05,-1.1102230246251565e-13,6.96484798112115e-05,0.00028716801896739696,3.0757131424174993e-09,0,0.0,0.0,False,True
6.07999999999935,-0.00027859389867268547,-6.96484798112115e-05,-1.1102230246251565e-13,6.96484798112115e-05,0.00028716801896739696,3.0757131430223288e-09,0,0.0,0.0,False,True
6.099999999999339,-0.00027859389867268547,-6.96484798112115e-05,-1.1102230246251565e-13,6.96484798112115e-05,0.00028716801896739696,3.075713140445416e-09,0,0.0,0.0,False,True
6.119999999999328,-0.00027859389867268547,-6.96484798112115e-05,-1.1102230246251565e-13,6.96484798112115e-05,0.00028716801896739696,3.075713142394912e-09,0,0.0,0.0,False,True
6.139999999999317,-0.00027859389867268547,-6.96484798112115e-05,-1.1102230246251565e-13,6.96484798112115e-05,0.00028716801896739696,3.0757131417832594e-09,0,0.0,0.0,False,True
6.159999999999306,-0.00027859389867268547,-6.96484798112115e-05,-1.1102230246251565e-13,6.96484798112115e-05,0.00028716801896739696,3.0757131418793062e-09,0,0.0,0.0,False,True
6.1799999999992945,-0.00027859389867268547,-6.96484798112115e-05,-1.1102230246251565e-13,6.96484798112115e-05,0.00028716801896739696,3.0757131532449486e-09,0,0.0,0.0,False,True
6.199999999999283,-0.00027859389867268547,-6.96484798112115e-05,-1.1102230246251565e-13,6.96484798112115e-05,0.00028716801896739696,3.075713140918894e-09,0,0.0,0.0,False,True
6.219999999999272,-0.00027859389867268547,-6.96484798112115e-05,-1.1102230246251565e-13,6.96484798112115e-05,0.00028716801896739696,3.0757131727047828e-09,0,0.0,0.0,False,True
6.239999999999261,-0.00027859389867268547,-6.96484798112115e-05,-1.1102230246251565e-13,6.96484798112115e-05,0.00028716801896739696,3.075713140043203e-09,0,0.0,0.0,False,True
6.25999999999925,-0.00027859389867268547,-6.96484798112115e-05,-1.1102230246251565e-13,6.96484798112115e-05,0.00028716801896739696,3.0757132355245433e-09,0,0.0,0.0,False,True
6.279999999999239,-0.00027859389867268547,-6.96484798112115e-05,-1.1102230246251565e-13,6.96484798112115e-05,0.00028716801896739696,3.075713144393326e-09,0,0.0,0.0,False,True
6.299999999999228,-0.00027859389867268547,-6.96484798112115e-05,-1.1102230246251565e-13,6.96484798112115e-05,0.00028716801896739696,3.075713194851772e-09,0,0.0,0.0,False,True
6.319999999999217,-0.00027859389867268547,-6.96484798112115e-05,-1.1102230246251565e-13,6.96484798112115e-05,0.00028716801896739696,3.075713216011222e-09,0,0.0,0.0,False,True
6.339999999999206,-0.00027859389867268547,-6.96484798112115e-05,-1.1102230246251565e-13,6.96484798112115e-05,0.00028716801896739696,3.0757132412891948e-09,0,0.0,0.0,False,True
6.359999999999195,-0.00027859389867268547,-6.96484798112115e-05,-1.1102230246251565e-13,6.96484798112115e-05,0.00028716801896739696,3.0757132252451955e-09,0,0.0,0.0,False,True
6.379999999999184,-0.00027859389867268547,-6.96484798112115e-05,-1.1102230246251565e-13,6.96484798112115e-05,0.00028716801896739696,3.075713237521851e-09,0,0.0,0.0,False,True
6.399999999999173,-0.00027859389867268547,-6.96484798112115e-05,-1.1102230246251565e-13,6.96484798112115e-05,0.00028716801896739696,3.075713221439305e-09,0,0.0,0.0,False,True
6.4199999999991615,-0.00027859389867268547,-6.96484798112115e-05,-1.1102230246251565e-13,6.96484798112115e-05,0.00028716801896739696,3.0757132473521123e-09,0,0.0,0.0,False,True
6.43999999999915,-0.00027859389867268547,-6.96484798112115e-05,-1.1102230246251565e-13,6.96484798112115e-05,0.00028716801896739696,3.075713245837508e-09,0,0.0,0.0,False,True
6.459999999999139,-0.00027859389867268547,-6.96484798112115e-05,-1.1102230246251565e-13,6.96484798112115e-05,0.00028716801896739696,3.075713230937969e-09,0,0.0,0.0,False,True
6.479999999999128,-0.00027859389867268547,-6.96484798112115e-05,-1.1102230246251565e-13,6.96484798112115e-05,0.00028716801896739696,3.0757132291120957e-09,0,0.0,0.0,False,True
6.499999999999117,-0.00027859389867268547,-6.96484798112115e-05,-1.1102230246251565e-13,6.96484798112115e-05,0.00028716801896739696,3.0757132278541364e-09,0,0.0,0.0,False,True
6.519999999999106,-0.00027859389867268547,-6.96484798112115e-05,-1.1102230246251565e-13,6.96484798112115e-05,0.00028716801896739696,3.075713212718622e-09,0,0.0,0.0,False,True
6.539999999999095,-0.00027859389867268547,-6.96484798112115e-05,-1.1102230246251565e-13,6.96484798112115e-05,0.00028716801896739696,3.0757132230996577e-09,0,0.0,0.0,False,True
6.559999999999084,-0.00027859389867268547,-6.96484798112115e-05,-1.1102230246251565e-13,6.96484798112115e-05,0.00028716801896739696,3.0757132205086476e-09,0,0.0,0.0,False,True
6.579999999999073,-0.00027859389867268547,-6.96484798112115e-05,-1.1102230246251565e-13,6.96484798112115e-05,0.00028716801896739696,3.0757132317813343e-09,0,0.0,0.0,False,True
6.599999999999062,-0.00027859389867268547,-6.96484798112115e-05,-1.1102230246251565e-13,6.96484798112115e-05,0.00028716801896739696,3.075713216660892e-09,0,0.0,0.0,False,True
6.619999999999051,-0.00027859389867268547,-6.96484798112115e-05,-1.1102230246251565e-13,6.96484798112115e-05,0.00028716801896739696,3.0757132263792824e-09,0,0.0,0.0,False,True
6.63999999999904,-0.00027859389867268547,-6.96484798112115e-05,-1.1102230246251565e-13,6.96484798112115e-05,0.00028716801896739696,3.0757132095488184e-09,0,0.0,0.0,False,True
6.6599999999990285,-0.00027859389867268547,-6.96484798112115e-05,-1.1102230246251565e-13,6.96484798112115e-05,0.00028716801896739696,3.0757132354633973e-09,0,0.0,0.0,False,True
6.679999999999017,-0.00027859389867268547,-6.96484798112115e-05,-1.1102230246251565e-13,6.96484798112115e-05,0.00028716801896739696,3.075713233601297e-09,0,0.0,0.0,False,True
6.699999999999006,-0.00027859389867268547,-6.96484798112115e-05,-1.1102230246251565e-13,6.96484798112115e-05,0.00028716801896739696,3.0757132180185192e-09,0,0.0,0.0,False,True
6.719999999998995,-0.00027859389867268547,-6.96484798112115e-05,-1.1102230246251565e-13,6.96484798112115e-05,0.00028716801896739696,3.0757132441385714e-09,0,0.0,0.0,False,True
6.739999999998984,-0.00027859389867268547,-6.96484798112115e-05,-1.1102230246251565e-13,6.96484798112115e-05,0.00028716801896739696,3.0757132259526384e-09,0,0.0,0.0,False,True
6.759999999998973,-0.00027859389867268547,-6.96484798112115e-05,-1.1102230246251565e-13,6.96484798112115e-05,0.00028716801896739696,3.0757132508475554e-09,0,0.0,0.0,False,True
6.779999999998962,-0.00027859389867268547,-6.96484798112115e-05,-1.1102230246251565e-13,6.96484798112115e-05,0.00028716801896739696,3.0757132214487496e-09,0,0.0,0.0,False,True
6.799999999998951,-0.00027859389867268547,-6.96484798112115e-05,-1.1102230246251565e-13,6.96484798112115e-05,0.00028716801896739696,3.0757132344113745e-09,0,0.0,0.0,False,True
6.81999999999894,-0.00027859389867268547,-6.96484798112115e-05,-1.1102230246251565e-13,6.96484798112115e-05,0.00028716801896739696,3.07571321821219e-09,0,0.0,0.0,False,True
6.839999999998929,-0.00027859389867268547,-6.96484798112115e-05,-1.1102230246251565e-13,6.96484798112115e-05,0.00028716801896739696,3.075713228961876e-09,0,0.0,0.0,False,True
6.859999999998918,-0.00027859389867268547,-6.96484798112115e-05,-1.1102230246251565e-13,6.96484798112115e-05,0.00028716801896739696,3.0757132264996666e-09,0,0.0,0.0,False,True
6.8799999999989065,-0.00027859389867268547,-6.96484798112115e-05,-1.1102230246251565e-13,6.96484798112115e-05,0.00028716801896739696,3.0757132096564694e-09,0,0.0,0.0,False,True
6.8999999999988955,-0.00027859389867268547,-6.96484798112115e-05,-1.1102230246251565e-13,6.96484798112115e-05,0.00028716801896739696,3.0757132355923655e-09,0,0.0,0.0,False,True
6.919999999998884,-0.00027859389867268547,-6.96484798112115e-05,-1.1102230246251565e-13,6.96484798112115e-05,0.00028716801896739696,3.0757132337655748e-09,0,0.0,0.0,False,True
6.939999999998873,-0.00027859389867268547,-6.96484798112115e-05,-1.1102230246251565e-13,6.96484798112115e-05,0.00028716801896739696,3.075713232316725e-09,0,0.0,0.0,False,True
6.959999999998862,-0.00027859389867268547,-6.96484798112115e-05,-1.1102230246251565e-13,6.96484798112115e-05,0.00028716801896739696,3.0757132171275407e-09,0,0.0,0.0,False,True
6.979999999998851,-0.00027859389867268547,-6.96484798112115e-05,-1.1102230246251565e-13,6.96484798112115e-05,0.00028716801896739696,3.0757132293336105e-09,0,0.0,0.0,False,True
6.99999999999884,-0.00027859389867268547,-6.96484798112115e-05,-1.1102230246251565e-13,6.96484798112115e-05,0.00028716801896739696,3.0757132280770508e-09,0,0.0,0.0,False,True
7.019999999998829,-0.00027859389867268547,-6.96484798112115e-05,-1.1102230246251565e-13,6.96484798112115e-05,0.00028716801896739696,3.075713239465213e-09,0,0.0,0.0,False,True
7.039999999998818,-0.00027859389867268547,-6.96484798112115e-05,-1.1102230246251565e-13,6.96484798112115e-05,0.00028716801896739696,3.075713223250997e-09,0,0.0,0.0,False,True
7.059999999998807,-0.00027859389867268547,-6.96484798112115e-05,-1.1102230246251565e-13,6.96484798112115e-05,0.00028716801896739696,3.07571324862652e-09,0,0.0,0.0,False,True
7.079999999998796,-0.00027859389867268547,-6.96484798112115e-05,-1.1102230246251565e-13,6.96484798112115e-05,0.00028716801896739696,3.07571321830942e-09,0,0.0,0.0,False,True
7.099999999998785,-0.00027859389867268547,-6.96484798112115e-05,-1.1102230246251565e-13,6.96484798112115e-05,0.00028716801896739696,3.0757132290655238e-09,0,0.0,0.0,False,True
7.1199999999987735,-0.00027859389867268547,-6.96484798112115e-05,-1.1102230246251565e-13,6.96484798112115e-05,0.00028716801896739696,3.0757132280546156e-09,0,0.0,0.0,False,True
7.1399999999987624,-0.00027859389867268547,-6.96484798112115e-05,-1.1102230246251565e-13,6.96484798112115e-05,0.00028716801896739696,3.075713254142878e-09,0,0.0,0.0,False,True
7.159999999998751,-0.00027859389867268547,-6.96484798112115e-05,-1.1102230246251565e-13,6.96484798112115e-05,0.00028716801896739696,3.0757132369556464e-09,0,0.0,0.0,False,True
7.17999999999874,-0.00027859389867268547,-6.96484798112115e-05,-1.1102230246251565e-13,6.96484798112115e-05,0.00028716801896739696,3.075713235830875e-09,0,0.0,0.0,False,True
7.199999999998729,-0.00027859389867268547,-6.96484798112115e-05,-1.1102230246251565e-13,6.96484798112115e-05,0.00028716801896739696,3.0757132065028135e-09,0,0.0,0.0,False,True
7.219999999998718,-0.00027859389867268547,-6.96484798112115e-05,-1.1102230246251565e-13,6.96484798112115e-05,0.00028716801896739696,3.075713218783878e-09,0,0.0,0.0,False,True
7.239999999998707,-0.00027859389867268547,-6.96484798112115e-05,-1.1102230246251565e-13,6.96484798112115e-05,0.00028716801896739696,3.0757132449953717e-09,0,0.0,0.0,False,True
7.259999999998696,-0.00027859389867268547,-6.96484798112115e-05,-1.1102230246251565e-13,6.96484798112115e-05,0.00028716801896739696,3.0757132428391555e-09,0,0.0,0.0,False,True
7.279999999998685,-0.00027859389867268547,-6.96484798112115e-05,-1.1102230246251565e-13,6.96484798112115e-05,0.00028716801896739696,3.075713240668799e-09,0,0.0,0.0,False,True
7.299999999998674,-0.00027859389867268547,-6.96484798112115e-05,-1.1102230246251565e-13,6.96484798112115e-05,0.00028716801896739696,3.0757132255732698e-09,0,0.0,0.0,False,True
7.319999999998663,-0.00027859389867268547,-6.96484798112115e-05,-1.1102230246251565e-13,6.96484798112115e-05,0.00028716801896739696,3.0757132250185976e-09,0,0.0,0.0,False,True
7.339999999998652,-0.00027859389867268547,-6.96484798112115e-05,-1.1102230246251565e-13,6.96484798112115e-05,0.00028716801896739696,3.0757132383332723e-09,0,0.0,0.0,False,True
7.3599999999986405,-0.00027859389867268547,-6.96484798112115e-05,-1.1102230246251565e-13,6.96484798112115e-05,0.00028716801896739696,3.0757132367467564e-09,0,0.0,0.0,False,True
7.379999999998629,-0.00027859389867268547,-6.96484798112115e-05,-1.1102230246251565e-13,6.96484798112115e-05,0.00028716801896739696,3.0757132341017852e-09,0,0.0,0.0,False,True
7.399999999998618,-0.00027859389867268547,-6.96484798112115e-05,-1.1102230246251565e-13,6.96484798112115e-05,0.00028716801896739696,3.075713218887224e-09,0,0.0,0.0,False,True
7.419999999998607,-0.00027859389867268547,-6.96484798112115e-05,-1.1102230246251565e-13,6.96484798112115e-05,0.00028716801896739696,3.075713218315316e-09,0,0.0,0.0,False,True
7.439999999998596,-0.00027859389867268547,-6.96484798112115e-05,-1.1102230246251565e-13,6.96484798112115e-05,0.00028716801896739696,3.0757132176417265e-09,0,0.0,0.0,False,True
7.459999999998585,-0.00027859389867268547,-6.96484798112115e-05,-1.1102230246251565e-13,6.96484798112115e-05,0.00028716801896739696,3.0757132304146785e-09,0,0.0,0.0,False,True
7.479999999998574,-0.00027859389867268547,-6.96484798112115e-05,-1.1102230246251565e-13,6.96484798112115e-05,0.00028716801896739696,3.0757132279107805e-09,0,0.0,0.0,False,True
7.499999999998563,-0.00027859389867268547,-6.96484798112115e-05,-1.1102230246251565e-13,6.96484798112115e-05,0.00028716801896739696,3.075713226093603e-09,0,0.0,0.0,False,True
7.519999999998552,-0.00027859389867268547,-6.96484798112115e-05,-1.1102230246251565e-13,6.96484798112115e-05,0.00028716801896739696,3.0757132254309898e-09,0,0.0,0.0,False,True
7.539999999998541,-0.00027859389867268547,-6.96484798112115e-05,-1.1102230246251565e-13,6.96484798112115e-05,0.00028716801896739696,3.0757132247271703e-09,0,0.0,0.0,False,True
7.55999999999853,-0.00027859389867268547,-6.96484798112115e-05,-1.1102230246251565e-13,6.96484798112115e-05,0.00028716801896739696,3.0757132099652174e-09,0,0.0,0.0,False,True
7.579999999998519,-0.00027859389867268547,-6.96484798112115e-05,-1.1102230246251565e-13,6.96484798112115e-05,0.00028716801896739696,3.0757132215876774e-09,0,0.0,0.0,False,True
7.5999999999985075,-0.00027859389867268547,-6.96484798112115e-05,-1.1102230246251565e-13,6.96484798112115e-05,0.00028716801896739696,3.0757132329323756e-09,0,0.0,0.0,False,True
7.619999999998496,-0.00027859389867268547,-6.96484798112115e-05,-1.1102230246251565e-13,6.96484798112115e-05,0.00028716801896739696,3.0757132010924894e-09,0,0.0,0.0,False,True
7.639999999998485,-0.00027859389867268547,-6.96484798112115e-05,-1.1102230246251565e-13,6.96484798112115e-05,0.00028716801896739696,3.075713239347656e-09,0,0.0,0.0,False,True
7.659999999998474,-0.00027859389867268547,-6.96484798112115e-05,-1.1102230246251565e-13,6.96484798112115e-05,0.00028716801896739696,3.075713224530857e-09,0,0.0,0.0,False,True
7.679999999998463,-0.00027859389867268547,-6.96484798112115e-05,-1.1102230246251565e-13,6.96484798112115e-05,0.00028716801896739696,3.075713207289529e-09,0,0.0,0.0,False,True
7.699999999998452,-0.00027859389867268547,-6.96484798112115e-05,-1.1102230246251565e-13,6.96484798112115e-05,0.00028716801896739696,3.0757132313397704e-09,0,0.0,0.0,False,True
7.719999999998441,-0.00027859389867268547,-6.96484798112115e-05,-1.1102230246251565e-13,6.96484798112115e-05,0.00028716801896739696,3.075713214425613e-09,0,0.0,0.0,False,True
7.73999999999843,-0.00027859389867268547,-6.96484798112115e-05,-1.1102230246251565e-13,6.96484798112115e-05,0.00028716801896739696,3.0757132255000945e-09,0,0.0,0.0,False,True
7.759999999998419,-0.00027859389867268547,-6.96484798112115e-05,-1.1102230246251565e-13,6.96484798112115e-05,0.00028716801896739696,3.075713223860759e-09,0,0.0,0.0,False,True
7.779999999998408,-0.00027859389867268547,-6.96484798112115e-05,-1.1102230246251565e-13,6.96484798112115e-05,0.00028716801896739696,3.0757132356290237e-09,0,0.0,0.0,False,True
7.799999999998397,-0.00027859389867268547,-6.96484798112115e-05,-1.1102230246251565e-13,6.96484798112115e-05,0.00028716801896739696,3.0757132187263704e-09,0,0.0,0.0,False,True
7.819999999998386,-0.00027859389867268547,-6.96484798112115e-05,-1.1102230246251565e-13,6.96484798112115e-05,0.00028716801896739696,3.075713231072421e-09,0,0.0,0.0,False,True
7.8399999999983745,-0.00027859389867268547,-6.96484798112115e-05,-1.1102230246251565e-13,6.96484798112115e-05,0.00028716801896739696,3.0757132300749955e-09,0,0.0,0.0,False,True
7.859999999998363,-0.00027859389867268547,-6.96484798112115e-05,-1.1102230246251565e-13,6.96484798112115e-05,0.00028716801896739696,3.0757132283734002e-09,0,0.0,0.0,False,True
7.879999999998352,-0.00027859389867268547,-6.96484798112115e-05,-1.1102230246251565e-13,6.96484798112115e-05,0.00028716801896739696,3.0757132271534284e-09,0,0.0,0.0,False,True
7.899999999998341,-0.00027859389867268547,-6.96484798112115e-05,-1.1102230246251565e-13,6.96484798112115e-05,0.00028716801896739696,3.075713237572841e-09,0,0.0,0.0,False,True
7.91999999999833,-0.00027859389867268547,-6.96484798112115e-05,-1.1102230246251565e-13,6.96484798112115e-05,0.00028716801896739696,3.075713249244458e-09,0,0.0,0.0,False,True
7.939999999998319,-0.00027859389867268547,-6.96484798112115e-05,-1.1102230246251565e-13,6.96484798112115e-05,0.00028716801896739696,3.0757132475488832e-09,0,0.0,0.0,False,True
7.959999999998308,-0.00027859389867268547,-6.96484798112115e-05,-1.1102230246251565e-13,6.96484798112115e-05,0.00028716801896739696,3.0757132181148353e-09,0,0.0,0.0,False,True
7.979999999998297,-0.00027859389867268547,-6.96484798112115e-05,-1.1102230246251565e-13,6.96484798112115e-05,0.00028716801896739696,3.075713230369241e-09,0,0.0,0.0,False,True
7.999999999998286,-0.00027859389867268547,-6.96484798112115e-05,-1.1102230246251565e-13,6.96484798112115e-05,0.00028716801896739696,3.075713241874855e-09,0,0.0,0.0,False,True
8.01999999999831,-0.00027859389867268547,-6.96484798112115e-05,-1.1102230246251565e-13,6.96484798112115e-05,0.00028716801896739696,3.0757132252376173e-09,0,0.0,0.0,False,True
8.039999999998335,-0.00027859389867268547,-6.96484798112115e-05,-1.1102230246251565e-13,6.96484798112115e-05,0.00028716801896739696,3.0757132239863213e-09,0,0.0,0.0,False,True
8.05999999999836,-0.00027859389867268547,-6.96484798112115e-05,-1.1102230246251565e-13,6.96484798112115e-05,0.00028716801896739696,3.0757132204792616e-09,0,0.0,0.0,False,True
8.079999999998384,-0.00027859389867268547,-6.96484798112115e-05,-1.1102230246251565e-13,6.96484798112115e-05,0.00028716801896739696,3.0757132168384646e-09,0,0.0,0.0,False,True
8.099999999998408,-0.00027859389867268547,-6.96484798112115e-05,-1.1102230246251565e-13,6.96484798112115e-05,0.00028716801896739696,3.0757132288179685e-09,0,0.0,0.0,False,True
8.119999999998432,-0.00027859389867268547,-6.96484798112115e-05,-1.1102230246251565e-13,6.96484798112115e-05,0.00028716801896739696,3.0757132409003876e-09,0,0.0,0.0,False,True
8.139999999998457,-0.00027859389867268547,-6.96484798112115e-05,-1.1102230246251565e-13,6.96484798112115e-05,0.00028716801896739696,3.075713225389992e-09,0,0.0,0.0,False,True
8.159999999998481,-0.00027859389867268547,-6.96484798112115e-05,-1.1102230246251565e-13,6.96484798112115e-05,0.00028716801896739696,3.0757132237649032e-09,0,0.0,0.0,False,True
8.179999999998506,-0.00027859389867268547,-6.96484798112115e-05,-1.1102230246251565e-13,6.96484798112115e-05,0.00028716801896739696,3.075713247541041e-09,0,0.0,0.0,False,True
8.19999999999853,-0.00027859389867268547,-6.96484798112115e-05,-1.1102230246251565e-13,6.96484798112115e-05,0.00028716801896739696,3.075713230529022e-09,0,0.0,0.0,False,True
8.219999999998555,-0.00027859389867268547,-6.96484798112115e-05,-1.1102230246251565e-13,6.96484798112115e-05,0.00028716801896739696,3.0757132147757165e-09,0,0.0,0.0,False,True
8.23999999999858,-0.00027859389867268547,-6.96484798112115e-05,-1.1102230246251565e-13,6.96484798112115e-05,0.00028716801896739696,3.0757132416758566e-09,0,0.0,0.0,False,True
8.259999999998604,-0.00027859389867268547,-6.96484798112115e-05,-1.1102230246251565e-13,6.96484798112115e-05,0.00028716801896739696,3.0757132537757454e-09,0,0.0,0.0,False,True
8.279999999998628,-0.00027859389867268547,-6.96484798112115e-05,-1.1102230246251565e-13,6.96484798112115e-05,0.00028716801896739696,3.0757132504596317e-09,0,0.0,0.0,False,True
8.299999999998652,-0.00027859389867268547,-6.96484798112115e-05,-1.1102230246251565e-13,6.96484798112115e-05,0.00028716801896739696,3.075713219994905e-09,0,0.0,0.0,False,True
8.319999999998677,-0.00027859389867268547,-6.96484798112115e-05,-1.1102230246251565e-13,6.96484798112115e-05,0.00028716801896739696,3.075713216954526e-09,0,0.0,0.0,False,True
8.339999999998701,-0.00027859389867268547,-6.96484798112115e-05,-1.1102230246251565e-13,6.96484798112115e-05,0.00028716801896739696,3.075713228938782e-09,0,0.0,0.0,False,True
8.359999999998726,-0.00027859389867268547,-6.96484798112115e-05,-1.1102230246251565e-13,6.96484798112115e-05,0.00028716801896739696,3.075713213493773e-09,0,0.0,0.0,False,True
8.37999999999875,-0.00027859389867268547,-6.96484798112115e-05,-1.1102230246251565e-13,6.96484798112115e-05,0.00028716801896739696,3.0757132257850727e-09,0,0.0,0.0,False,True
8.399999999998775,-0.00027859389867268547,-6.96484798112115e-05,-1.1102230246251565e-13,6.96484798112115e-05,0.00028716801896739696,3.075713238072553e-09,0,0.0,0.0,False,True
8.419999999998799,-0.00027859389867268547,-6.96484798112115e-05,-1.1102230246251565e-13,6.96484798112115e-05,0.00028716801896739696,3.0757132227874425e-09,0,0.0,0.0,False,True
8.439999999998824,-0.00027859389867268547,-6.96484798112115e-05,-1.1102230246251565e-13,6.96484798112115e-05,0.00028716801896739696,3.075713235319381e-09,0,0.0,0.0,False,True
8.459999999998848,-0.00027859389867268547,-6.96484798112115e-05,-1.1102230246251565e-13,6.96484798112115e-05,0.00028716801896739696,3.075713233345219e-09,0,0.0,0.0,False,True
8.479999999998872,-0.00027859389867268547,-6.96484798112115e-05,-1.1102230246251565e-13,6.96484798112115e-05,0.00028716801896739696,3.0757132164322792e-09,0,0.0,0.0,False,True
8.499999999998897,-0.00027859389867268547,-6.96484798112115e-05,-1.1102230246251565e-13,6.96484798112115e-05,0.00028716801896739696,3.075713229415819e-09,0,0.0,0.0,False,True
8.519999999998921,-0.00027859389867268547,-6.96484798112115e-05,-1.1102230246251565e-13,6.96484798112115e-05,0.00028716801896739696,3.075713228143715e-09,0,0.0,0.0,False,True
8.539999999998946,-0.00027859389867268547,-6.96484798112115e-05,-1.1102230246251565e-13,6.96484798112115e-05,0.00028716801896739696,3.0757132260876835e-09,0,0.0,0.0,False,True
8.55999999999897,-0.00027859389867268547,-6.96484798112115e-05,-1.1102230246251565e-13,6.96484798112115e-05,0.00028716801896739696,3.0757132246411477e-09,0,0.0,0.0,False,True
8.579999999998995,-0.00027859389867268547,-6.96484798112115e-05,-1.1102230246251565e-13,6.96484798112115e-05,0.00028716801896739696,3.0757132092498447e-09,0,0.0,0.0,False,True
8.599999999999019,-0.00027859389867268547,-6.96484798112115e-05,-1.1102230246251565e-13,6.96484798112115e-05,0.00028716801896739696,3.0757132342732262e-09,0,0.0,0.0,False,True
8.619999999999044,-0.00027859389867268547,-6.96484798112115e-05,-1.1102230246251565e-13,6.96484798112115e-05,0.00028716801896739696,3.075713245301124e-09,0,0.0,0.0,False,True
8.639999999999068,-0.00027859389867268547,-6.96484798112115e-05,-1.1102230246251565e-13,6.96484798112115e-05,0.00028716801896739696,3.0757132131103814e-09,0,0.0,0.0,False,True
8.659999999999092,-0.00027859389867268547,-6.96484798112115e-05,-1.1102230246251565e-13,6.96484798112115e-05,0.00028716801896739696,3.075713239017019e-09,0,0.0,0.0,False,True
8.679999999999117,-0.00027859389867268547,-6.96484798112115e-05,-1.1102230246251565e-13,6.96484798112115e-05,0.00028716801896739696,3.0757132244317605e-09,0,0.0,0.0,False,True
8.699999999999141,-0.00027859389867268547,-6.96484798112115e-05,-1.1102230246251565e-13,6.96484798112115e-05,0.00028716801896739696,3.075713222544544e-09,0,0.0,0.0,False,True
8.719999999999166,-0.00027859389867268547,-6.96484798112115e-05,-1.1102230246251565e-13,6.96484798112115e-05,0.00028716801896739696,3.075713218268747e-09,0,0.0,0.0,False,True
8.73999999999919,-0.00027859389867268547,-6.96484798112115e-05,-1.1102230246251565e-13,6.96484798112115e-05,0.00028716801896739696,3.075713255963908e-09,0,0.0,0.0,False,True
8.759999999999215,-0.00027859389867268547,-6.96484798112115e-05,-1.1102230246251565e-13,6.96484798112115e-05,0.00028716801896739696,3.0757132253128373e-09,0,0.0,0.0,False,True
8.779999999999239,-0.00027859389867268547,-6.96484798112115e-05,-1.1102230246251565e-13,6.96484798112115e-05,0.00028716801896739696,3.0757132246160055e-09,0,0.0,0.0,False,True
8.799999999999264,-0.00027859389867268547,-6.96484798112115e-05,-1.1102230246251565e-13,6.96484798112115e-05,0.00028716801896739696,3.075713251325879e-09,0,0.0,0.0,False,True
8.819999999999288,-0.00027859389867268547,-6.96484798112115e-05,-1.1102230246251565e-13,6.96484798112115e-05,0.00028716801896739696,3.0757132192856292e-09,0,0.0,0.0,False,True
8.839999999999312,-0.00027859389867268547,-6.96484798112115e-05,-1.1102230246251565e-13,6.96484798112115e-05,0.00028716801896739696,3.0757132151635194e-09,0,0.0,0.0,False,True
8.859999999999337,-0.00027859389867268547,-6.96484798112115e-05,-1.1102230246251565e-13,6.96484798112115e-05,0.00028716801896739696,3.075713225515463e-09,0,0.0,0.0,False,True
8.879999999999361,-0.00027859389867268547,-6.96484798112115e-05,-1.1102230246251565e-13,6.96484798112115e-05,0.00028716801896739696,3.0757132247417456e-09,0,0.0,0.0,False,True
8.899999999999386,-0.00027859389867268547,-6.96484798112115e-05,-1.1102230246251565e-13,6.96484798112115e-05,0.00028716801896739696,3.0757132379630407e-09,0,0.0,0.0,False,True
8.91999999999941,-0.00027859389867268547,-6.96484798112115e-05,-1.1102230246251565e-13,6.96484798112115e-05,0.00028716801896739696,3.0757132478136865e-09,0,0.0,0.0,False,True
8.939999999999435,-0.00027859389867268547,-6.96484798112115e-05,-1.1102230246251565e-13,6.96484798112115e-05,0.00028716801896739696,3.0757132303923417e-09,0,0.0,0.0,False,True
8.959999999999459,-0.00027859389867268547,-6.96484798112115e-05,-1.1102230246251565e-13,6.96484798112115e-05,0.00028716801896739696,3.0757132258021275e-09,0,0.0,0.0,False,True
8.979999999999484,-0.00027859389867268547,-6.96484798112115e-05,-1.1102230246251565e-13,6.96484798112115e-05,0.00028716801896739696,3.075713224934265e-09,0,0.0,0.0,False,True
8.999999999999508,-0.00027859389867268547,-6.96484798112115e-05,-1.1102230246251565e-13,6.96484798112115e-05,0.00028716801896739696,3.07571322430566e-09,0,0.0,0.0,False,True
